"STATION","DATE","LATITUDE","LONGITUDE","ELEVATION","NAME","CLDD","CLDD_ATTRIBUTES","DP01","DP01_ATTRIBUTES","DP10","DP10_ATTRIBUTES","DP1X","DP1X_ATTRIBUTES","DT00","DT00_ATTRIBUTES","DT32","DT32_ATTRIBUTES","DX32","DX32_ATTRIBUTES","DX70","DX70_ATTRIBUTES","DX90","DX90_ATTRIBUTES","DYNT","DYNT_ATTRIBUTES","DYXP","DYXP_ATTRIBUTES","DYXT","DYXT_ATTRIBUTES","EMNT","EMNT_ATTRIBUTES","EMXP","EMXP_ATTRIBUTES","EMXT","EMXT_ATTRIBUTES","HDSD","HDSD_ATTRIBUTES","HTDD","HTDD_ATTRIBUTES","PRCP","PRCP_ATTRIBUTES","TAVG","TAVG_ATTRIBUTES","TMAX","TMAX_ATTRIBUTES","TMIN","TMIN_ATTRIBUTES"
"AYM00089512","1983-02","-70.767","11.833","119.0","NOVOLAZAREVSKAJA, AY","","","0","5,S","0","5,S","0","5,S","","","","","","","","","","","","","19830228","+,5,S","","","","","0.0","5,,S,28,+","","","","","","","0.0","5,,,S","","","","","",""
"AYM00089512","1983-08","-70.767","11.833","119.0","NOVOLAZAREVSKAJA, AY","","","1","5,S","1","5,S","0","5,S","","","","","","","","","","","","","19830810",",5,S","","","","","8.1","5,,S,10,","","","","","","","8.1","5,,,S","","","","","",""
"AYM00089512","1984-01","-70.767","11.833","119.0","NOVOLAZAREVSKAJA, AY","","","0","3,S","0","3,S","0","3,S","","","","","","","","","","","","","19840131","+,3,S","","","","","0.0","3,,S,31,+","","","","","","","0.0","3,,,S","","","","","",""
"AYM00089512","1988-03","-70.767","11.833","119.0","NOVOLAZAREVSKAJA, AY","","","9","5,S","7","5,S","0","5,S","","","","","","","","","","","","","19880313",",5,S","","","","","19.1","5,,S,13,","","","","","","","64.8","5,,,S","","","","","",""
"AYM00089512","1988-06","-70.767","11.833","119.0","NOVOLAZAREVSKAJA, AY","","","13","5,S","10","5,S","2","5,S","","","","","","","","","","","","","19880614",",5,S","","","","","48.0","5,,S,14,","","","","","","","159.1","5,,,S","","","","","",""
"AYM00089512","1988-07","-70.767","11.833","119.0","NOVOLAZAREVSKAJA, AY","","","5","5,S","3","5,S","0","5,S","","","","","","","","","","","","","19880724",",5,S","","","","","13.0","5,,S,24,","","","","","","","21.4","5,,,S","","","","","",""
"AYM00089512","1988-09","-70.767","11.833","119.0","NOVOLAZAREVSKAJA, AY","","","3","4,S","2","4,S","0","4,S","","","","","","","","","","","","","19880918",",4,S","","","","","14.2","4,,S,18,","","","","","","","26.2","4,,,S","","","","","",""
"AYM00089512","1988-12","-70.767","11.833","119.0","NOVOLAZAREVSKAJA, AY","","","6","5,S","0","5,S","0","5,S","","","","","","","","","","","","","19881207",",5,S","","","","","2.3","5,,S,07,","","","","","","","4.7","5,,,S","","","","","",""
"AYM00089512","1990-07","-70.767","11.833","119.0","NOVOLAZAREVSKAJA, AY","","","","","","","","","","","","","27","4,S","0","4,S","0","4,S","","","","","19900711",",4,S","","","","","-0.8","4,S,11,","","","","","","","","","-7.41","4,,,S","",""
"AYM00089512","1990-09","-70.767","11.833","119.0","NOVOLAZAREVSKAJA, AY","","","","","","","","","","","","","25","5,S","0","5,S","0","5,S","","","","","19900922",",5,S","","","","","-9.8","5,S,22,","","","","","","","","","-16.14","5,,,S","",""
"AYM00089512","1990-10","-70.767","11.833","119.0","NOVOLAZAREVSKAJA, AY","","","","","","","","","","","","","26","4,S","0","4,S","0","4,S","","","","","19901014",",4,S","","","","","0.1","4,S,14,","","","","","","","","","-6.73","4,,,S","",""
"AYM00089512","1990-11","-70.767","11.833","119.0","NOVOLAZAREVSKAJA, AY","","","0","5,S","0","5,S","0","5,S","","","","","","","","","","","","","19901130","+,5,S","","","","","0.0","5,,S,30,+","","","","","","","0.0","5,,,S","","","","","",""
"AYM00089512","1990-12","-70.767","11.833","119.0","NOVOLAZAREVSKAJA, AY","0.0","4,S","0","5,S","0","5,S","0","5,S","0","3,S","24","3,S","0","2,S","0","2,S","0","2,S","19901202",",3,S","19901231","+,5,S","19901214",",2,S","-5.0","3,S,02,","0.0","5,,S,31,+","7.3","2,S,14,","","","472.7","2,S","0.0","5,,,S","0.81","4,S","3.51","2,,,S","-1.89","3,,,S"
"AYM00089512","1991-02","-70.767","11.833","119.0","NOVOLAZAREVSKAJA, AY","0.0","4,S","","","","","","","0","3,S","24","3,S","10","3,S","0","3,S","0","3,S","19910213",",3,S","","","19910205",",3,S","-14.5","3,S,13,","","","5.8","3,S,05,","","","478.5","3,S","","","-1.55","4,S","0.85","3,,,S","-3.95","3,,,S"
"AYM00089512","1991-10","-70.767","11.833","119.0","NOVOLAZAREVSKAJA, AY","","","","","","","","","14","5,S","26","5,S","","","","","","","19911004",",5,S","","","","","-23.0","5,S,04,","","","","","","","","","","","","","","","-16.66","5,,,S"
"AYM00089512","1992-01","-70.767","11.833","119.0","NOVOLAZAREVSKAJA, AY","","","","","","","","","","","","","0","5,S","0","5,S","0","5,S","","","","","19920102",",5,S","","","","","7.9","5,S,02,","","","","","","","","","3.17","5,,,S","",""
"AYM00089512","1992-02","-70.767","11.833","119.0","NOVOLAZAREVSKAJA, AY","0.0","3,S","","","","","","","0","3,S","25","3,S","15","2,S","0","2,S","0","2,S","19920227",",3,S","","","19920211",",2,S","-9.1","3,S,27,","","","5.0","2,S,11,","","","540.9","2,S","","","-2.48","3,S","0.00","2,,,S","-4.97","3,,,S"
"AYM00089512","1992-03","-70.767","11.833","119.0","NOVOLAZAREVSKAJA, AY","","","","","","","","","","","","","25","5,S","0","5,S","0","5,S","","","","","19920303",",5,S","","","","","0.5","5,S,03,","","","","","","","","","-4.30","5,,,S","",""
"AYM00089512","1993-01","-70.767","11.833","119.0","NOVOLAZAREVSKAJA, AY","","","","","","","","","0","4,S","22","4,S","2","5,S","0","5,S","0","5,S","19930120",",4,S","","","19930112",",5,S","-6.5","4,S,20,","","","6.8","5,S,12,","","","","","","","0.00","6,S","2.68","5,,,S","-2.69","4,,,S"
"AYM00089512","1994-02","-70.767","11.833","119.0","NOVOLAZAREVSKAJA, AY","","","","","","","","","0","5,S","23","5,S","","","","","","","19940225",",5,S","","","","","-11.3","5,S,25,","","","","","","","","","","","","","","","-7.10","5,,,S"
"AYM00089512","1994-11","-70.767","11.833","119.0","NOVOLAZAREVSKAJA, AY","0.0","5,S","","","","","","","0","2,S","28","2,S","20","5,S","0","5,S","0","5,S","19941101",",2,S","","","19941130",",5,S","-13.0","2,S,01,","","","1.2","5,S,30,","","","588.6","5,S","","","-5.13","5,S","-2.50","5,,,S","-7.75","2,,,S"
"AYM00089512","1994-12","-70.767","11.833","119.0","NOVOLAZAREVSKAJA, AY","","","","","","","","","0","3,S","28","3,S","8","4,S","0","4,S","0","4,S","19941204",",3,S","","","19941210",",4,S","-11.2","3,S,04,","","","4.3","4,S,10,","","","","","","","-1.35","6,S","1.03","4,,,S","-3.72","3,,,S"
"AYM00089512","1995-01","-70.767","11.833","119.0","NOVOLAZAREVSKAJA, AY","","","","","","","","","0","4,S","26","4,S","11","4,S","0","4,S","0","4,S","19950106",",4,S","","","19950113",",4,S","-7.6","4,S,06,","","","4.8","4,S,13,","","","","","","","-1.42","6,S","0.69","4,,,S","-3.52","4,,,S"
"AYM00089512","1995-07","-70.767","11.833","119.0","NOVOLAZAREVSKAJA, AY","","","","","","","","","","","","","26","5,S","0","5,S","0","5,S","","","","","19950710",",5,S","","","","","-5.7","5,S,10,","","","","","","","","","-12.53","5,,,S","",""
"AYM00089512","1995-09","-70.767","11.833","119.0","NOVOLAZAREVSKAJA, AY","","","","","","","","","","","","","27","3,S","0","3,S","0","3,S","","","","","19950910",",3,S","","","","","-7.2","3,S,10,","","","","","","","","","-15.57","3,,,S","",""
"AYM00089512","1995-11","-70.767","11.833","119.0","NOVOLAZAREVSKAJA, AY","0.0","5,S","","","","","","","0","4,S","26","4,S","26","4,S","0","4,S","0","4,S","19951101",",4,S","","","19951120",",4,S","-13.6","4,S,01,","","","-1.2","4,S,20,","","","627.6","4,S","","","-6.79","5,S","-4.46","4,,,S","-9.12","4,,,S"
"AYM00089512","1995-12","-70.767","11.833","119.0","NOVOLAZAREVSKAJA, AY","0.0","5,S","","","","","","","0","4,S","27","4,S","8","4,S","0","4,S","0","4,S","19951207",",4,S","","","19951222",",4,S","-8.3","4,S,07,","","","4.9","4,S,22,","","","508.2","4,S","","","-1.25","5,S","1.16","4,,,S","-3.66","4,,,S"
"AYM00089512","1996-01","-70.767","11.833","119.0","NOVOLAZAREVSKAJA, AY","","","","","","","","","0","3,S","27","3,S","10","5,S","0","5,S","0","5,S","19960120",",3,S","","","19960104",",5,S","-9.4","3,S,20,","","","4.9","5,S,04,","","","","","","","-1.59","6,S","1.01","5,,,S","-4.20","3,,,S"
"AYM00089512","1998-02","-70.767","11.833","119.0","NOVOLAZAREVSKAJA, AY","","","","","","","","","0","5,S","23","5,S","14","4,S","0","4,S","0","4,S","19980228",",5,S","","","19980202",",4,S","-10.5","5,S,28,","","","1.9","4,S,02,","","","","","","","-3.53","6,S","-0.92","4,,,S","-6.13","5,,,S"
"AYM00089512","1998-03","-70.767","11.833","119.0","NOVOLAZAREVSKAJA, AY","","","","","","","","","","","","","26","4,S","0","4,S","0","4,S","","","","","19980305",",4,S","","","","","0.4","4,S,05,","","","","","","","","","-4.79","4,,,S","",""
"AYM00089512","1998-04","-70.767","11.833","119.0","NOVOLAZAREVSKAJA, AY","","","","","","","","","","","","","25","5,S","0","5,S","0","5,S","","","","","19980402",",5,S","","","","","-4.5","5,S,02,","","","","","","","","","-13.66","5,,,S","",""
"AYM00089512","1998-10","-70.767","11.833","119.0","NOVOLAZAREVSKAJA, AY","","","","","","","","","","","","","27","4,S","0","4,S","0","4,S","","","","","19981030",",4,S","","","","","-0.9","4,S,30,","","","","","","","","","-11.06","4,,,S","",""
"AYM00089512","1998-11","-70.767","11.833","119.0","NOVOLAZAREVSKAJA, AY","0.0","4,S","","","","","","","0","3,S","27","3,S","23","3,S","0","3,S","0","3,S","19981102",",3,S","","","19981125",",3,S","-14.0","3,S,02,","","","3.6","3,S,25,","","","623.2","3,S","","","-5.81","4,S","-3.14","3,,,S","-8.49","3,,,S"
"AYM00089512","1998-12","-70.767","11.833","119.0","NOVOLAZAREVSKAJA, AY","","","","","","","","","0","4,S","26","4,S","15","5,S","0","5,S","0","5,S","19981215",",4,S","","","19981213",",5,S","-10.3","4,S,15,","","","4.4","5,S,13,","","","","","","","-2.65","6,S","0.25","5,,,S","-5.55","4,,,S"
"AYM00089512","1999-01","-70.767","11.833","119.0","NOVOLAZAREVSKAJA, AY","0.0","5,S","","","","","","","0","4,S","23","4,S","4","5,S","0","5,S","0","5,S","19990124",",4,S","","","19990116",",5,S","-6.0","4,S,24,","","","6.1","5,S,16,","475.7","S","475.7","5,S","","","0.01","5,S","2.07","5,,,S","-2.05","4,,,S"
"AYM00089512","1999-02","-70.767","11.833","119.0","NOVOLAZAREVSKAJA, AY","","","","","","","","","0","5,S","23","5,S","","","","","","","19990225",",5,S","","","","","-10.5","5,S,25,","","","","","","","","","","","","","","","-6.21","5,,,S"
"AYM00089512","1999-10","-70.767","11.833","119.0","NOVOLAZAREVSKAJA, AY","0.0","4,S","","","","","","","15","2,S","29","2,S","28","3,S","0","3,S","0","3,S","19991001",",2,S","","","19991021",",3,S","-26.5","2,S,01,","","","-3.5","3,S,21,","","","865.0","3,S","","","-13.85","4,S","-10.55","3,,,S","-17.15","2,,,S"
"AYM00089512","1999-11","-70.767","11.833","119.0","NOVOLAZAREVSKAJA, AY","","","","","","","","","","","","","24","5,S","0","5,S","0","5,S","","","","","19991109",",5,S","","","","","2.3","5,S,09,","","","","","","","","","-3.91","5,,,S","",""
"AYM00089512","2000-02","-70.767","11.833","119.0","NOVOLAZAREVSKAJA, AY","","","","","","","","","0","4,S","25","4,S","","","","","","","20000224",",4,S","","","","","-12.1","4,S,24,","","","","","","","","","","","","","","","-6.70","4,,,S"
"AYM00089512","2000-03","-70.767","11.833","119.0","NOVOLAZAREVSKAJA, AY","","","","","","","","","","","","","27","4,S","0","4,S","0","4,S","","","","","20000306",",4,S","","","","","-4.4","4,S,06,","","","","","","","","","-9.75","4,,,S","",""
"AYM00089512","2000-10","-70.767","11.833","119.0","NOVOLAZAREVSKAJA, AY","","","","","","","","","","","","","27","4,S","0","4,S","0","4,S","","","","","20001023",",4,S","","","","","-7.1","4,S,23,","","","","","","","","","-11.38","4,,,S","",""
"AYM00089512","2001-02","-70.767","11.833","119.0","NOVOLAZAREVSKAJA, AY","","","","","","","","","0","3,S","25","3,S","14","4,S","0","4,S","0","4,S","20010228",",3,S","","","20010205",",4,S","-12.5","3,S,28,","","","1.8","4,S,05,","","","","","","","-3.29","6,S","-1.25","4,,,S","-5.32","3,,,S"
"AYM00089512","2001-03","-70.767","11.833","119.0","NOVOLAZAREVSKAJA, AY","","","","","","","","","","","","","28","3,S","0","3,S","0","3,S","","","","","20010306",",3,S","","","","","-2.5","3,S,06,","","","","","","","","","-6.51","3,,,S","",""
"AYM00089512","2001-09","-70.767","11.833","119.0","NOVOLAZAREVSKAJA, AY","0.0","5,S","","","","","","","23","5,S","25","5,S","26","4,S","0","4,S","0","4,S","20010903",",5,S","","","20010919",",4,S","-30.6","5,S,03,","","","-6.2","4,S,19,","","","925.7","4,S","","","-18.72","5,S","-15.16","4,,,S","-22.28","5,,,S"
"AYM00089512","2001-11","-70.767","11.833","119.0","NOVOLAZAREVSKAJA, AY","","","","","","","","","","","","","27",",S","0",",S","0",",S","","","","","20011129",",,S","","","","","2.3",",S,29,","","","","","","","","","-3.36",",,,S","",""
"AYM00089512","2001-12","-70.767","11.833","119.0","NOVOLAZAREVSKAJA, AY","","","","","","","","","0","5,S","26","5,S","","","","","","","20011228",",5,S","","","","","-6.5","5,S,28,","","","","","","","","","","","","","","","-3.73","5,,,S"
"AYM00089512","2002-01","-70.767","11.833","119.0","NOVOLAZAREVSKAJA, AY","0.0","5,S","","","","","","","0","4,S","25","4,S","6","4,S","0","4,S","0","4,S","20020123",",4,S","","","20020113",",4,S","-5.9","4,S,23,","","","6.3","4,S,13,","483.2","S","483.2","4,S","","","-0.20","5,S","2.29","4,,,S","-2.69","4,,,S"
"AYM00089512","2002-02","-70.767","11.833","119.0","NOVOLAZAREVSKAJA, AY","0.0","3,S","","","","","","","0","2,S","26","2,S","19","3,S","0","3,S","0","3,S","20020226",",2,S","","","20020224",",3,S","-10.3","2,S,26,","","","1.5","3,S,24,","1045.7","S","562.5","3,S","","","-4.17","3,S","-1.75","3,,,S","-6.60","2,,,S"
"AYM00089512","2002-03","-70.767","11.833","119.0","NOVOLAZAREVSKAJA, AY","","","","","","","","","0","5,S","26","5,S","28","3,S","0","3,S","0","3,S","20020326",",5,S","","","20020310",",3,S","-17.4","5,S,26,","","","-1.1","3,S,10,","","","","","","","-7.77","6,S","-5.17","3,,,S","-10.37","5,,,S"
"AYM00089512","2002-09","-70.767","11.833","119.0","NOVOLAZAREVSKAJA, AY","","","","","","","","","","","","","26","4,S","0","4,S","0","4,S","","","","","20020915",",4,S","","","","","-7.3","4,S,15,","","","","","","","","","-13.53","4,,,S","",""
"AYM00089512","2002-10","-70.767","11.833","119.0","NOVOLAZAREVSKAJA, AY","","","","","","","","","0","5,S","26","5,S","","","","","","","20021002",",5,S","","","","","-16.2","5,S,02,","","","","","","","","","","","","","","","-11.00","5,,,S"
"AYM00089512","2002-11","-70.767","11.833","119.0","NOVOLAZAREVSKAJA, AY","","","","","","","","","","","","","25","5,S","0","5,S","0","5,S","","","","","20021114",",5,S","","","","","-1.0","5,S,14,","","","","","","","","","-4.94","5,,,S","",""
"AYM00089512","2003-01","-70.767","11.833","119.0","NOVOLAZAREVSKAJA, AY","0.0","3,S","","","","","","","0","3,S","27","3,S","0","2,S","0","2,S","0","2,S","20030110",",3,S","","","20030121",",2,S","-6.7","3,S,10,","","","4.0","2,S,21,","515.8","S","515.8","2,S","","","-0.11","3,S","2.12","2,,,S","-2.34","3,,,S"
"AYM00089512","2003-11","-70.767","11.833","119.0","NOVOLAZAREVSKAJA, AY","0.0","5,S","","","","","","","0","2,S","28","2,S","22","5,S","0","5,S","0","5,S","20031110",",2,S","","","20031130",",5,S","-13.9","2,S,10,","","","2.3","5,S,30,","","","585.2","5,S","","","-5.13","5,S","-3.10","5,,,S","-7.16","2,,,S"
"AYM00089512","2003-12","-70.767","11.833","119.0","NOVOLAZAREVSKAJA, AY","","","","","","","","","","","","","2","5,S","0","5,S","0","5,S","","","","","20031231",",5,S","","","","","6.5","5,S,31,","","","","","","","","","2.47","5,,,S","",""
"AYM00089512","2004-01","-70.767","11.833","119.0","NOVOLAZAREVSKAJA, AY","0.0","3,S","","","","","","","0","2,S","23","2,S","6","3,S","0","3,S","0","3,S","20040113",",2,S","","","20040103",",3,S","-4.6","2,S,13,","","","6.2","3,S,03,","499.9","S","499.9","3,S","","","0.48","3,S","2.30","3,,,S","-1.33","2,,,S"
"AYM00089512","2004-10","-70.767","11.833","119.0","NOVOLAZAREVSKAJA, AY","","","","","","","","","","","","","26","5,S","0","5,S","0","5,S","","","","","20041023",",5,S","","","","","-0.8","5,S,23,","","","","","","","","","-7.95","5,,,S","",""
"AYM00089512","2004-11","-70.767","11.833","119.0","NOVOLAZAREVSKAJA, AY","","","","","","","","","0","5,S","25","5,S","21","4,S","0","4,S","0","4,S","20041108",",5,S","","","20041127",",4,S","-14.8","5,S,08,","","","2.2","4,S,27,","","","","","","","-5.81","6,S","-3.52","4,,,S","-8.09","5,,,S"
"AYM00089512","2004-12","-70.767","11.833","119.0","NOVOLAZAREVSKAJA, AY","","","","","","","","","0","5,S","21","5,S","0","4,S","0","4,S","0","4,S","20041224",",5,S","","","20041229",",4,S","-4.3","5,S,24,","","","6.3","4,S,29,","","","","","","","0.73","6,S","2.89","4,,,S","-1.42","5,,,S"
"AYM00089512","2005-01","-70.767","11.833","119.0","NOVOLAZAREVSKAJA, AY","0.0","5,S","","","","","","","0","3,S","25","3,S","2","4,S","0","4,S","0","4,S","20050128",",3,S","","","20050103",",4,S","-5.7","3,S,28,","","","6.6","4,S,03,","464.3","S","464.3","4,S","","","0.47","5,S","2.93","4,,,S","-1.99","3,,,S"
"AYM00089512","2005-02","-70.767","11.833","119.0","NOVOLAZAREVSKAJA, AY","0.0","4,S","","","","","","","0","3,S","25","3,S","9","2,S","0","2,S","0","2,S","20050228",",3,S","","","20050226",",2,S","-7.3","3,S,28,","","","2.2","2,S,26,","946.5","S","482.2","2,S","","","-1.85","4,S","0.42","2,,,S","-4.12","3,,,S"
"AYM00089512","2005-03","-70.767","11.833","119.0","NOVOLAZAREVSKAJA, AY","0.0","4,S","","","","","","","0","3,S","28","3,S","27","3,S","0","3,S","0","3,S","20050331",",3,S","","","20050308",",3,S","-17.3","3,S,31,","","","0.2","3,S,08,","1634.9","S","688.4","3,S","","","-7.00","4,S","-4.65","3,,,S","-9.35","3,,,S"
"AYM00089512","2006-02","-70.767","11.833","119.0","NOVOLAZAREVSKAJA, AY","0.0","3,S","","","","","","","0","3,S","25","3,S","24","1,S","0","1,S","0","1,S","20060228",",3,S","","","20060222",",1,S","-12.3","3,S,28,","","","2.0","1,S,22,","","","568.5","1,S","","","-4.32","3,S","-2.19","1,,,S","-6.45","3,,,S"
"AYM00089512","2006-09","-70.767","11.833","119.0","NOVOLAZAREVSKAJA, AY","","","","","","","","","17","5,S","25","5,S","27","3,S","0","3,S","0","3,S","20060912","+,5,S","","","20060923","+,3,S","-33.0","5,S,12,+","","","-7.2","3,S,23,+","","","","","","","-17.60","7,S","-14.30","3,,,S","-20.90","5,,,S"
"AYM00089512","2006-10","-70.767","11.833","119.0","NOVOLAZAREVSKAJA, AY","","","","","","","","","","","","","26","5,S","0","5,S","0","5,S","","","","","20061029",",5,S","","","","","-1.0","5,S,29,","","","","","","","","","-12.82","5,,,S","",""
"AYM00089512","2006-11","-70.767","11.833","119.0","NOVOLAZAREVSKAJA, AY","0.0","5,S","","","","","","","0","5,S","25","5,S","22","3,S","0","3,S","0","3,S","20061101",",5,S","","","20061126",",3,S","-17.0","5,S,01,","","","4.0","3,S,26,","","","597.7","3,S","","","-5.48","5,S","-3.05","3,,,S","-7.90","5,,,S"
"AYM00089512","2007-01","-70.767","11.833","119.0","NOVOLAZAREVSKAJA, AY","","","","","","","","","","","","","1","4,S","0","4,S","0","4,S","","","","","20070116",",4,S","","","","","6.5","4,S,16,","","","","","","","","","2.67","4,,,S","",""
"AYM00089512","2007-02","-70.767","11.833","119.0","NOVOLAZAREVSKAJA, AY","","","","","","","","","0","2,S","26","2,S","","","","","","","20070226",",2,S","","","","","-10.8","2,S,26,","","","","","","","","","","","","","","","-6.02","2,,,S"
"AYM00089512","2007-04","-70.767","11.833","119.0","NOVOLAZAREVSKAJA, AY","","","","","","","","","","","","","27","3,S","0","3,S","0","3,S","","","","","20070419",",3,S","","","","","-6.1","3,S,19,","","","","","","","","","-10.20","3,,,S","",""
"AYM00089512","2007-09","-70.767","11.833","119.0","NOVOLAZAREVSKAJA, AY","","","","","","","","","","","","","25","5,S","0","5,S","0","5,S","","","","","20070903",",5,S","","","","","-7.1","5,S,03,","","","","","","","","","-16.03","5,,,S","",""
"AYM00089512","2007-10","-70.767","11.833","119.0","NOVOLAZAREVSKAJA, AY","","","","","","","","","","","","","29","2,S","0","2,S","0","2,S","","","","","20071025",",2,S","","","","","-0.4","2,S,25,","","","","","","","","","-7.79","2,,,S","",""
"AYM00089512","2007-11","-70.767","11.833","119.0","NOVOLAZAREVSKAJA, AY","0.0","3,S","","","","","","","0","3,S","26","3,S","16","1,S","0","1,S","0","1,S","20071102",",3,S","","","20071109",",1,S","-15.8","3,S,02,","","","7.6","1,S,09,","","","572.7","1,S","","","-3.00","3,S","-0.61","1,,,S","-5.39","3,,,S"
"AYM00089512","2007-12","-70.767","11.833","119.0","NOVOLAZAREVSKAJA, AY","0.0","5,S","","","","","","","0","4,S","27","4,S","4","2,S","0","2,S","0","2,S","20071205",",4,S","","","20071227",",2,S","-8.7","4,S,05,","","","5.7","2,S,27,","","","488.2","2,S","","","-0.50","5,S","2.14","2,,,S","-3.15","4,,,S"
"AYM00089512","2008-01","-70.767","11.833","119.0","NOVOLAZAREVSKAJA, AY","0.0","5,S","","","","","","","0","4,S","27","4,S","12","3,S","0","3,S","0","3,S","20080108",",4,S","","","20080104",",3,S","-6.8","4,S,08,","","","4.9","3,S,04,","519.9","S","519.9","3,S","","","-1.70","5,S","0.66","3,,,S","-4.06","4,,,S"
"AYM00089512","2008-02","-70.767","11.833","119.0","NOVOLAZAREVSKAJA, AY","0.0","4,S","","","","","","","0","3,S","26","3,S","17","3,S","0","3,S","0","3,S","20080207",",3,S","","","20080202","+,3,S","-10.5","3,S,07,","","","3.6","3,S,02,+","1069.4","S","549.5","3,S","","","-3.68","4,S","-1.10","3,,,S","-6.27","3,,,S"
"AYM00089512","2008-03","-70.767","11.833","119.0","NOVOLAZAREVSKAJA, AY","","","","","","","","","","","","","26","4,S","0","4,S","0","4,S","","","","","20080311",",4,S","","","","","0.4","4,S,11,","","","","","","","","","-4.46","4,,,S","",""
"AYM00089512","2008-08","-70.767","11.833","119.0","NOVOLAZAREVSKAJA, AY","","","","","","","","","","","","","27","4,S","0","4,S","0","4,S","","","","","20080819",",4,S","","","","","-8.9","4,S,19,","","","","","","","","","-17.84","4,,,S","",""
"AYM00089512","2008-09","-70.767","11.833","119.0","NOVOLAZAREVSKAJA, AY","","","","","","","","","","","","","28","2,S","0","2,S","0","2,S","","","","","20080903",",2,S","","","","","-3.9","2,S,03,","","","","","","","","","-13.31","2,,,S","",""
"AYM00089512","2008-10","-70.767","11.833","119.0","NOVOLAZAREVSKAJA, AY","","","","","","","","","10","5,S","26","5,S","28","3,S","0","3,S","0","3,S","20081005",",5,S","","","20081012",",3,S","-24.8","5,S,05,","","","-5.3","3,S,12,","","","","","","","-14.22","6,S","-11.49","3,,,S","-16.95","5,,,S"
"AYM00089512","2008-11","-70.767","11.833","119.0","NOVOLAZAREVSKAJA, AY","0.0","5,S","","","","","","","0","4,S","26","4,S","24","4,S","0","4,S","0","4,S","20081102",",4,S","","","20081128",",4,S","-13.2","4,S,02,","","","0.5","4,S,28,","","","613.7","4,S","","","-6.15","5,S","-3.21","4,,,S","-9.08","4,,,S"
"AYM00089512","2008-12","-70.767","11.833","119.0","NOVOLAZAREVSKAJA, AY","0.0","2,S","","","","","","","0","2,S","29","2,S","5",",S","0",",S","0",",S","20081207",",2,S","","","20081222",",,S","-6.1","2,S,07,","","","3.1",",S,22,","","","562.9",",S","","","-1.09","2,S","1.05",",,,S","-3.22","2,,,S"
"AYM00089512","2009-01","-70.767","11.833","119.0","NOVOLAZAREVSKAJA, AY","0.0","1,S","","","","","","","0",",S","31",",S","7","1,S","0","1,S","0","1,S","20090104",",,S","","","20090116",",1,S","-7.7",",S,04,","","","4.1","1,S,16,","587.4","S","587.4","1,S","","","-1.23","1,S","1.24","1,,,S","-3.69",",,,S"
"AYM00089512","2009-02","-70.767","11.833","119.0","NOVOLAZAREVSKAJA, AY","0.0","4,S","","","","","","","0","4,S","24","4,S","19","1,S","0","1,S","0","1,S","20090217",",4,S","","","20090205",",1,S","-12.0","4,S,17,","","","4.2","1,S,05,","1128.5","S","541.1","1,S","","","-4.20","4,S","-1.46","1,,,S","-6.95","4,,,S"
"AYM00089512","2009-03","-70.767","11.833","119.0","NOVOLAZAREVSKAJA, AY","","","","","","","","","","","","","27","4,S","0","4,S","0","4,S","","","","","20090304",",4,S","","","","","-0.6","4,S,04,","","","","","","","","","-5.73","4,,,S","",""
"AYM00089512","2009-11","-70.767","11.833","119.0","NOVOLAZAREVSKAJA, AY","0.0","2,S","","","","","","","0","2,S","28","2,S","28",",S","0",",S","0",",S","20091108",",2,S","","","20091129",",,S","-15.8","2,S,08,","","","1.4",",S,29,","","","687.3",",S","","","-6.18","2,S","-3.05",",,,S","-9.31","2,,,S"
"AYM00089512","2009-12","-70.767","11.833","119.0","NOVOLAZAREVSKAJA, AY","0.0","4,S","","","","","","","0","3,S","28","3,S","8","3,S","0","3,S","0","3,S","20091205",",3,S","","","20091217","+,3,S","-7.1","3,S,05,","","","3.4","3,S,17,+","","","546.5","3,S","","","-1.96","4,S","0.73","3,,,S","-4.65","3,,,S"
"AYM00089512","2010-01","-70.767","11.833","119.0","NOVOLAZAREVSKAJA, AY","0.0","5,S","","","","","","","0","5,S","22","5,S","0","3,S","0","3,S","0","3,S","20100102",",5,S","","","20100122",",3,S","-10.9","5,S,02,","","","7.3","3,S,22,","468.7","S","468.7","3,S","","","0.33","5,S","2.73","3,,,S","-2.06","5,,,S"
"AYM00089512","2010-02","-70.767","11.833","119.0","NOVOLAZAREVSKAJA, AY","0.0","3,S","","","","","","","0","3,S","22","3,S","13",",S","0",",S","0",",S","20100221",",3,S","","","20100211",",,S","-11.7","3,S,21,","","","4.4",",S,11,","992.0","S","523.3",",S","","","-2.43","3,S","-0.40",",,,S","-4.47","3,,,S"
"AYM00089512","2010-03","-70.767","11.833","119.0","NOVOLAZAREVSKAJA, AY","","","","","","","","","","","","","26","5,S","0","5,S","0","5,S","","","","","20100316","+,5,S","","","","","-2.3","5,S,16,+","","","","","","","","","-5.63","5,,,S","",""
"AYM00089512","2010-10","-70.767","11.833","119.0","NOVOLAZAREVSKAJA, AY","","","","","","","","","14","5,S","26","5,S","27","4,S","0","4,S","0","4,S","20101006",",5,S","","","20101017",",4,S","-25.7","5,S,06,","","","-2.9","4,S,17,","","","","","","","-14.30","7,S","-10.47","4,,,S","-18.12","5,,,S"
"AYM00089512","2011-03","-70.767","11.833","119.0","NOVOLAZAREVSKAJA, AY","","","","","","","","","","","","","28","3,S","0","3,S","0","3,S","","","","","20110310",",3,S","","","","","-1.7","3,S,10,","","","","","","","","","-7.02","3,,,S","",""
"AYM00089512","2011-11","-70.767","11.833","119.0","NOVOLAZAREVSKAJA, AY","","","","","","","","","0","5,S","25","5,S","24","3,S","0","3,S","0","3,S","20111122",",5,S","","","20111104",",3,S","-12.6","5,S,22,","","","0.7","3,S,04,","","","","","","","-4.66","7,S","-2.66","3,,,S","-6.66","5,,,S"
"AYM00089512","2011-12","-70.767","11.833","119.0","NOVOLAZAREVSKAJA, AY","","","","","","","","","0","5,S","26","5,S","21","5,S","0","5,S","0","5,S","20111213",",5,S","","","20111221",",5,S","-11.6","5,S,13,","","","2.4","5,S,21,","","","","","","","-4.14","8,S","-2.67","5,,,S","-5.62","5,,,S"
"AYM00089512","2012-01","-70.767","11.833","119.0","NOVOLAZAREVSKAJA, AY","0.0","4,S","","","","","","","0","3,S","28","3,S","9","3,S","0","3,S","0","3,S","20120108",",3,S","","","20120110",",3,S","-6.9","3,S,08,","","","4.5","3,S,10,","527.6","S","527.6","3,S","","","-1.25","4,S","0.92","3,,,S","-3.41","3,,,S"
"AYM00089512","2012-02","-70.767","11.833","119.0","NOVOLAZAREVSKAJA, AY","","","","","","","","","0","5,S","24","5,S","20","5,S","0","5,S","0","5,S","20120227",",5,S","","","20120206",",5,S","-16.5","5,S,27,","","","1.7","5,S,06,","","","","","","","-4.65","6,S","-2.84","5,,,S","-6.47","5,,,S"
"AYM00089512","2012-03","-70.767","11.833","119.0","NOVOLAZAREVSKAJA, AY","","","","","","","","","","","","","26","5,S","0","5,S","0","5,S","","","","","20120301",",5,S","","","","","-2.9","5,S,01,","","","","","","","","","-7.58","5,,,S","",""
"AYM00089512","2012-09","-70.767","11.833","119.0","NOVOLAZAREVSKAJA, AY","","","4","1,S","3","1,S","0","1,S","","","","","","","","","","","","","20120929",",1,S","","","","","13.0","1,,S,29,","","","","","","","29.2","1,,,S","","","","","",""
"AYM00089512","2012-10","-70.767","11.833","119.0","NOVOLAZAREVSKAJA, AY","","","2",",S","2",",S","0",",S","","","","","","","","","","","","","20121029",",,S","","","","","20.1",",,S,29,","","","","","","","23.1",",,,S","","","","","",""
"AYM00089512","2012-11","-70.767","11.833","119.0","NOVOLAZAREVSKAJA, AY","0.0","4,S","5",",S","2",",S","1",",S","1","3,S","27","3,S","23","2,S","0","2,S","0","2,S","20121105",",3,S","20121106",",,S","20121122",",2,S","-19.5","3,S,05,","29.0",",,S,06,","2.7","2,S,22,","","","570.1","2,S","36.4",",,,S","-3.90","4,S","-2.06","2,,,S","-5.74","3,,,S"
"AYM00089512","2012-12","-70.767","11.833","119.0","NOVOLAZAREVSKAJA, AY","0.0","5,S","0","1,S","0","1,S","0","1,S","0","2,S","23","2,S","7","5,S","0","5,S","0","5,S","20121206",",2,S","20121231","+,1,S","20121222",",5,S","-7.5","2,S,06,","0.0","1,,S,31,+","6.2","5,S,22,","","","491.2","5,S","0.0","1,,,S","-0.45","5,S","1.48","5,,,S","-2.38","2,,,S"
"AYM00089512","2013-01","-70.767","11.833","119.0","NOVOLAZAREVSKAJA, AY","0.0","5,S","0","1,S","0","1,S","0","1,S","0","3,S","23","3,S","3","2,S","0","2,S","0","2,S","20130131",",3,S","20130131","+,1,S","20130113",",2,S","-6.2","3,S,31,","0.0","1,,S,31,+","7.0","2,S,13,","460.2","S","460.2","2,S","0.0","1,,,S","0.58","5,S","2.80","2,,,S","-1.65","3,,,S"
"AYM00089512","2013-02","-70.767","11.833","119.0","NOVOLAZAREVSKAJA, AY","0.0","3,S","1",",S","0",",S","0",",S","0","3,S","25","3,S","25",",S","0",",S","0",",S","20130220",",3,S","20130224",",,S","20130212",",,S","-8.7","3,S,20,","0.5",",,S,24,","2.0",",S,12,","1009.2","S","549.0",",S","0.5",",,,S","-3.64","3,S","-1.73",",,,S","-5.55","3,,,S"
"AYM00089512","2013-03","-70.767","11.833","119.0","NOVOLAZAREVSKAJA, AY","","","4","1,S","2","1,S","0","1,S","","","","","","","","","","","","","20130326",",1,S","","","","","3.3","1,,S,26,","","","","","","","7.4","1,,,S","","","","","",""
"AYM00089512","2013-04","-70.767","11.833","119.0","NOVOLAZAREVSKAJA, AY","","","2","1,S","1","1,S","0","1,S","","","","","","","","","","","","","20130406",",1,S","","","","","3.6","1,,S,06,","","","","","","","4.4","1,,,S","","","","","",""
"AYM00089512","2013-05","-70.767","11.833","119.0","NOVOLAZAREVSKAJA, AY","","","10",",S","1",",S","0",",S","","","","","","","","","","","","","20130530",",,S","","","","","16.0",",,S,30,","","","","","","","25.7",",,,S","","","","","",""
"AYM00089512","2013-06","-70.767","11.833","119.0","NOVOLAZAREVSKAJA, AY","","","4","4,S","1","4,S","0","4,S","","","","","","","","","","","","","20130603",",4,S","","","","","14.0","4,,S,03,","","","","","","","17.6","4,,,S","","","","","",""
"AYM00089512","2013-07","-70.767","11.833","119.0","NOVOLAZAREVSKAJA, AY","","","6",",S","2",",S","0",",S","","","","","","","","","","","","","20130707",",,S","","","","","18.0",",,S,07,","","","","","","","26.3",",,,S","","","","","",""
"AYM00089512","2013-08","-70.767","11.833","119.0","NOVOLAZAREVSKAJA, AY","","","5","1,S","3","1,S","0","1,S","","","","","","","","","","","","","20130804",",1,S","","","","","19.1","1,,S,04,","","","","","","","39.0","1,,,S","","","","","",""
"AYM00089512","2013-09","-70.767","11.833","119.0","NOVOLAZAREVSKAJA, AY","","","3","1,S","0","1,S","0","1,S","","","","","27","3,S","0","3,S","0","3,S","","","20130907",",1,S","20130918",",3,S","","","1.0","1,,S,07,","-4.6","3,S,18,","","","","","1.6","1,,,S","","","-9.97","3,,,S","",""
"AYM00089512","2013-10","-70.767","11.833","119.0","NOVOLAZAREVSKAJA, AY","0.0","4,S","5","1,S","0","1,S","0","1,S","9","3,S","28","3,S","29","1,S","0","1,S","0","1,S","20131013",",3,S","20131024",",1,S","20131030",",1,S","-22.4","3,S,13,","1.0","1,,S,24,","0.5","1,S,30,","","","838.5","1,S","3.1","1,,,S","-12.41","4,S","-9.34","1,,,S","-15.49","3,,,S"
"AYM00089512","2013-11","-70.767","11.833","119.0","NOVOLAZAREVSKAJA, AY","","","14","3,S","6","3,S","0","3,S","","","","","22","5,S","0","5,S","0","5,S","","","20131108",",3,S","20131129",",5,S","","","22.1","3,,S,08,","3.5","5,S,29,","","","","","57.5","3,,,S","","","-3.56","5,,,S","",""
"AYM00089512","2013-12","-70.767","11.833","119.0","NOVOLAZAREVSKAJA, AY","0.0","2,S","0","3,S","0","3,S","0","3,S","0","2,S","29","2,S","3","2,S","0","2,S","0","2,S","20131207",",2,S","20131231","+,3,S","20131216",",2,S","-9.4","2,S,07,","0.0","3,,S,31,+","4.7","2,S,16,","","","553.8","2,S","0.0","3,,,S","-0.76","2,S","1.50","2,,,S","-3.03","2,,,S"
"AYM00089512","2014-01","-70.767","11.833","119.0","NOVOLAZAREVSKAJA, AY","0.0","3,S","4","1,S","1","1,S","0","1,S","0","3,S","26","3,S","6","1,S","0","1,S","0","1,S","20140131",",3,S","20140118",",1,S","20140109",",1,S","-8.3","3,S,31,","3.0","1,,S,18,","5.1","1,S,09,","527.2","S","527.2","1,S","5.1","1,,,S","-0.45","3,S","1.94","1,,,S","-2.84","3,,,S"
"AYM00089512","2014-02","-70.767","11.833","119.0","NOVOLAZAREVSKAJA, AY","0.0","2,S","0",",S","0",",S","0",",S","0","1,S","27","1,S","19","1,S","0","1,S","0","1,S","20140217",",1,S","20140228","+,,S","20140206",",1,S","-7.9","1,S,17,","0.0",",,S,28,+","3.2","1,S,06,","1081.3","S","554.1","1,S","0.0",",,,S","-2.98","2,S","-0.93","1,,,S","-5.03","1,,,S"
"AYM00089512","2014-03","-70.767","11.833","119.0","NOVOLAZAREVSKAJA, AY","","","7","2,S","2","2,S","0","2,S","","","","","27","4,S","0","4,S","0","4,S","","","20140324",",2,S","20140321",",4,S","","","8.9","2,,S,24,","-1.0","4,S,21,","","","","","14.4","2,,,S","","","-5.64","4,,,S","",""
"AYM00089512","2014-04","-70.767","11.833","119.0","NOVOLAZAREVSKAJA, AY","","","3","2,S","1","2,S","0","2,S","","","","","","","","","","","","","20140423",",2,S","","","","","3.0","2,,S,23,","","","","","","","3.8","2,,,S","","","","","",""
"AYM00089512","2014-05","-70.767","11.833","119.0","NOVOLAZAREVSKAJA, AY","","","10","5,S","2","5,S","0","5,S","","","","","","","","","","","","","20140513",",5,S","","","","","15.0","5,,S,13,","","","","","","","28.5","5,,,S","","","","","",""
"AYM00089512","2014-06","-70.767","11.833","119.0","NOVOLAZAREVSKAJA, AY","","","5","1,S","2","1,S","0","1,S","","","","","","","","","","","","","20140615",",1,S","","","","","7.9","1,,S,15,","","","","","","","16.9","1,,,S","","","","","",""
"AYM00089512","2014-07","-70.767","11.833","119.0","NOVOLAZAREVSKAJA, AY","","","1","2,S","1","2,S","0","2,S","","","","","","","","","","","","","20140731",",2,S","","","","","3.0","2,,S,31,","","","","","","","3.0","2,,,S","","","","","",""
"AYM00089512","2014-08","-70.767","11.833","119.0","NOVOLAZAREVSKAJA, AY","","","17","2,S","11","2,S","2","2,S","","","","","","","","","","","","","20140802",",2,S","","","","","30.0","2,,S,02,","","","","","","","171.2","2,,,S","","","","","",""
"AYM00089512","2014-09","-70.767","11.833","119.0","NOVOLAZAREVSKAJA, AY","","","5","3,S","2","3,S","0","3,S","","","","","","","","","","","","","20140903",",3,S","","","","","8.9","3,,S,03,","","","","","","","18.0","3,,,S","","","","","",""
"AYM00089512","2014-10","-70.767","11.833","119.0","NOVOLAZAREVSKAJA, AY","","","4","2,S","2","2,S","0","2,S","","","","","28","3,S","0","3,S","0","3,S","","","20141031",",2,S","20141030","+,3,S","","","23.9","2,,S,31,","-5.5","3,S,30,+","","","","","39.4","2,,,S","","","-11.73","3,,,S","",""
"AYM00089512","2014-11","-70.767","11.833","119.0","NOVOLAZAREVSKAJA, AY","","","4","1,S","3","1,S","0","1,S","0","5,S","25","5,S","29","1,S","0","1,S","0","1,S","20141127",",5,S","20141104","+,1,S","20141119",",1,S","-15.0","5,S,27,","15.0","1,,S,04,+","-1.0","1,S,19,","","","","","40.9","1,,,S","-6.42","6,S","-3.75","1,,,S","-9.08","5,,,S"
"AYM00089512","2014-12","-70.767","11.833","119.0","NOVOLAZAREVSKAJA, AY","","","0","1,S","0","1,S","0","1,S","0","3,S","25","3,S","4","3,S","0","3,S","0","3,S","20141201",",3,S","20141231","+,1,S","20141225",",3,S","-7.7","3,S,01,","0.0","1,,S,31,+","5.8","3,S,25,","","","","","0.0","1,,,S","-0.54","6,S","2.18","3,,,S","-3.26","3,,,S"
"AYM00089512","2015-01","-70.767","11.833","119.0","NOVOLAZAREVSKAJA, AY","","","3","2,S","3","2,S","0","2,S","0","5,S","26","5,S","7","4,S","0","4,S","0","4,S","20150129",",5,S","20150120","+,2,S","20150119","+,4,S","-9.5","5,S,29,","3.0","2,,S,20,+","5.0","4,S,19,+","","","","","9.0","2,,,S","-2.12","8,S","1.17","4,,,S","-5.40","5,,,S"
"AYM00089512","2015-02","-70.767","11.833","119.0","NOVOLAZAREVSKAJA, AY","","","2","4,S","0","4,S","0","4,S","0","5,S","23","5,S","16","5,S","0","5,S","0","5,S","20150212",",5,S","20150221",",4,S","20150203",",5,S","-11.8","5,S,12,","1.0","4,,S,21,","2.9","5,S,03,","","","","","1.5","4,,,S","-4.51","8,S","-1.10","5,,,S","-7.92","5,,,S"
"AYM00089512","2015-03","-70.767","11.833","119.0","NOVOLAZAREVSKAJA, AY","","","3","3,S","2","3,S","0","3,S","","","","","29","2,S","0","2,S","0","2,S","","","20150311",",3,S","20150309",",2,S","","","5.1","3,,S,11,","-1.2","2,S,09,","","","","","8.9","3,,,S","","","-6.09","2,,,S","",""
"AYM00089512","2015-09","-70.767","11.833","119.0","NOVOLAZAREVSKAJA, AY","","","","","","","","","","","","","29","1,S","0","1,S","0","1,S","","","","","20150930",",1,S","","","","","-6.7","1,S,30,","","","","","","","","","-16.68","1,,,S","",""
"AYM00089512","2015-12","-70.767","11.833","119.0","NOVOLAZAREVSKAJA, AY","0.0","5,S","","","","","","","0","4,S","26","4,S","4","2,S","0","2,S","0","2,S","20151203","+,4,S","","","20151228",",2,S","-7.1","4,S,03,+","","","4.8","2,S,28,","","","497.5","2,S","","","-0.77","5,S","1.98","2,,,S","-3.51","4,,,S"
"AYM00089512","2016-01","-70.767","11.833","119.0","NOVOLAZAREVSKAJA, AY","0.0","3,S","","","","","","","0","3,S","28","3,S","10",",S","0",",S","0",",S","20160130",",3,S","","","20160124","+,,S","-11.0","3,S,30,","","","3.3",",S,24,+","560.4","S","560.4",",S","","","-1.73","3,S","0.82",",,,S","-4.27","3,,,S"
"AYM00089512","2016-02","-70.767","11.833","119.0","NOVOLAZAREVSKAJA, AY","","","","","","","","","","","","","17","3,S","0","3,S","0","3,S","","","","","20160210",",3,S","","","","","2.9","3,S,10,","","","","","","","","","-0.67","3,,,S","",""
"AYM00089512","2016-05","-70.767","11.833","119.0","NOVOLAZAREVSKAJA, AY","","","5","3,S","3","3,S","0","3,S","","","","","","","","","","","","","20160522",",3,S","","","","","9.4","3,,S,22,","","","","","","","22.1","3,,,S","","","","","",""
"AYM00089512","2016-06","-70.767","11.833","119.0","NOVOLAZAREVSKAJA, AY","","","8",",S","1",",S","0",",S","","","","","","","","","","","","","20160605",",,S","","","","","4.1",",,S,05,","","","","","","","7.8",",,,S","","","","","",""
"AYM00089512","2016-07","-70.767","11.833","119.0","NOVOLAZAREVSKAJA, AY","","","4","1,S","1","1,S","0","1,S","","","","","","","","","","","","","20160714",",1,S","","","","","7.1","1,,S,14,","","","","","","","11.1","1,,,S","","","","","",""
"AYM00089512","2016-08","-70.767","11.833","119.0","NOVOLAZAREVSKAJA, AY","","","4","1,S","2","1,S","0","1,S","","","","","","","","","","","","","20160817",",1,S","","","","","11.4","1,,S,17,","","","","","","","17.0","1,,,S","","","","","",""
"AYM00089512","2016-09","-70.767","11.833","119.0","NOVOLAZAREVSKAJA, AY","","","0",",S","0",",S","0",",S","","","","","","","","","","","","","20160930","+,,S","","","","","0.0",",,S,30,+","","","","","","","0.0",",,,S","","","","","",""
"AYM00089512","2016-10","-70.767","11.833","119.0","NOVOLAZAREVSKAJA, AY","","","10",",S","4",",S","0",",S","","","","","26","5,S","0","5,S","0","5,S","","","20161025","+,,S","20161030",",5,S","","","5.1",",,S,25,+","-1.0","5,S,30,","","","","","24.2",",,,S","","","-6.57","5,,,S","",""
"AYM00089512","2016-11","-70.767","11.833","119.0","NOVOLAZAREVSKAJA, AY","0.0","5,S","0","1,S","0","1,S","0","1,S","0","3,S","27","3,S","20","4,S","0","4,S","0","4,S","20161112",",3,S","20161130","+,1,S","20161130",",4,S","-12.4","3,S,12,","0.0","1,,S,30,+","3.1","4,S,30,","","","560.3","4,S","0.0","1,,,S","-4.15","5,S","-1.27","4,,,S","-7.03","3,,,S"
"AYM00089512","2016-12","-70.767","11.833","119.0","NOVOLAZAREVSKAJA, AY","0.0","1,S","2",",S","0",",S","0",",S","0",",S","29",",S","2","1,S","0","1,S","0","1,S","20161224",",,S","20161231","+,,S","20161213",",1,S","-5.3",",S,24,","0.3",",,S,31,+","5.7","1,S,13,","","","530.6","1,S","0.6",",,,S","0.63","1,S","3.16","1,,,S","-1.89",",,,S"
"AYM00089512","2017-01","-70.767","11.833","119.0","NOVOLAZAREVSKAJA, AY","0.0","3,S","0",",S","0",",S","0",",S","0",",S","28",",S","2","3,S","0","3,S","0","3,S","20170106",",,S","20170131","+,,S","20170116",",3,S","-6.0",",S,06,","0.0",",,S,31,+","7.8","3,S,16,","507.7","S","507.7","3,S","0.0",",,,S","0.11","3,S","2.94","3,,,S","-2.71",",,,S"
"AYM00089512","2017-02","-70.767","11.833","119.0","NOVOLAZAREVSKAJA, AY","0.0","5,S","5","1,S","0","1,S","0","1,S","0","3,S","24","3,S","15","3,S","0","3,S","0","3,S","20170214",",3,S","20170222",",1,S","20170201",",3,S","-9.3","3,S,14,","2.0","1,,S,22,","3.0","3,S,01,","985.4","S","477.7","3,S","5.4","1,,,S","-2.67","5,S","-0.67","3,,,S","-4.68","3,,,S"
"AYM00089512","2017-03","-70.767","11.833","119.0","NOVOLAZAREVSKAJA, AY","","","5","1,S","2","1,S","1","1,S","0","5,S","26","5,S","26","3,S","0","3,S","0","3,S","20170321",",5,S","20170301",",1,S","20170302",",3,S","-17.6","5,S,21,","25.9","1,,S,01,","0.7","3,S,02,","","","","","33.9","1,,,S","-8.24","6,S","-5.92","3,,,S","-10.56","5,,,S"
"AYM00089512","2017-05","-70.767","11.833","119.0","NOVOLAZAREVSKAJA, AY","","","7","2,S","2","2,S","0","2,S","","","","","","","","","","","","","20170509",",2,S","","","","","4.1","2,,S,09,","","","","","","","11.3","2,,,S","","","","","",""
"AYM00089512","2017-06","-70.767","11.833","119.0","NOVOLAZAREVSKAJA, AY","","","7",",S","3",",S","0",",S","","","","","","","","","","","","","20170606",",,S","","","","","6.1",",,S,06,","","","","","","","14.9",",,,S","","","","","",""
"AYM00089512","2017-07","-70.767","11.833","119.0","NOVOLAZAREVSKAJA, AY","","","9","1,S","1","1,S","0","1,S","","","","","","","","","","","","","20170712",",1,S","","","","","2.8","1,,S,12,","","","","","","","8.1","1,,,S","","","","","",""
"AYM00089512","2017-08","-70.767","11.833","119.0","NOVOLAZAREVSKAJA, AY","","","3","4,S","1","4,S","0","4,S","","","","","","","","","","","","","20170830",",4,S","","","","","5.1","4,,S,30,","","","","","","","7.1","4,,,S","","","","","",""
"AYM00089512","2017-09","-70.767","11.833","119.0","NOVOLAZAREVSKAJA, AY","","","0",",S","0",",S","0",",S","","","","","","","","","","","","","20170930","+,,S","","","","","0.0",",,S,30,+","","","","","","","0.0",",,,S","","","","","",""
"AYM00089512","2017-10","-70.767","11.833","119.0","NOVOLAZAREVSKAJA, AY","","","0","2,S","0","2,S","0","2,S","3","4,S","27","4,S","27","3,S","0","3,S","0","3,S","20171008",",4,S","20171031","+,2,S","20171019",",3,S","-20.9","4,S,08,","0.0","2,,S,31,+","0.5","3,S,19,","","","","","0.0","2,,,S","-10.22","6,S","-7.23","3,,,S","-13.21","4,,,S"
"AYM00089512","2017-11","-70.767","11.833","119.0","NOVOLAZAREVSKAJA, AY","","","11","3,S","3","3,S","0","3,S","0","3,S","27","3,S","","","","","","","20171102",",3,S","20171105",",3,S","","","-16.6","3,S,02,","5.1","3,,S,05,","","","","","","","19.4","3,,,S","","","","","-7.87","3,,,S"
"AYM00089512","2017-12","-70.767","11.833","119.0","NOVOLAZAREVSKAJA, AY","0.0","5,S","3","1,S","0","1,S","0","1,S","0","2,S","27","2,S","0","4,S","0","4,S","0","4,S","20171206",",2,S","20171226","+,1,S","20171218",",4,S","-5.4","2,S,06,","0.8","1,,S,26,+","4.9","4,S,18,","","","481.0","4,S","1.9","1,,,S","-0.11","5,S","2.08","4,,,S","-2.29","2,,,S"
"AYM00089512","2018-01","-70.767","11.833","119.0","NOVOLAZAREVSKAJA, AY","0.0","3,S","5","1,S","2","1,S","0","1,S","0","1,S","29","1,S","8","3,S","0","3,S","0","3,S","20180126",",1,S","20180124",",1,S","20180103",",3,S","-13.0","1,S,26,","7.1","1,,S,24,","4.2","3,S,03,","551.6","S","551.6","3,S","11.7","1,,,S","-1.42","3,S","1.35","3,,,S","-4.20","1,,,S"
"AYM00089512","2018-02","-70.767","11.833","119.0","NOVOLAZAREVSKAJA, AY","0.0","2,S","2","1,S","1","1,S","0","1,S","0","2,S","26","2,S","17","2,S","0","2,S","0","2,S","20180228",",2,S","20180213",",1,S","20180209",",2,S","-10.4","2,S,28,","3.8","1,,S,13,","3.5","2,S,09,","1109.1","S","557.5","2,S","4.3","1,,,S","-3.11","2,S","-0.85","2,,,S","-5.37","2,,,S"
"AYM00089512","2018-03","-70.767","11.833","119.0","NOVOLAZAREVSKAJA, AY","","","3",",S","0",",S","0",",S","1","3,S","28","3,S","27","4,S","0","4,S","0","4,S","20180331",",3,S","20180302",",,S","20180326",",4,S","-19.2","3,S,31,","1.8",",,S,02,","-2.0","4,S,26,","","","","","3.1",",,,S","-8.81","6,S","-5.74","4,,,S","-11.88","3,,,S"
"AYM00089512","2018-04","-70.767","11.833","119.0","NOVOLAZAREVSKAJA, AY","","","4","1,S","1","1,S","0","1,S","","","","","","","","","","","","","20180414",",1,S","","","","","8.9","1,,S,14,","","","","","","","10.0","1,,,S","","","","","",""
"AYM00089512","2018-05","-70.767","11.833","119.0","NOVOLAZAREVSKAJA, AY","","","7","1,S","5","1,S","1","1,S","","","","","","","","","","","","","20180511",",1,S","","","","","29.0","1,,S,11,","","","","","","","66.2","1,,,S","","","","","",""
"AYM00089512","2018-06","-70.767","11.833","119.0","NOVOLAZAREVSKAJA, AY","","","8","1,S","3","1,S","0","1,S","","","","","","","","","","","","","20180604",",1,S","","","","","16.0","1,,S,04,","","","","","","","31.1","1,,,S","","","","","",""
"AYM00089512","2018-07","-70.767","11.833","119.0","NOVOLAZAREVSKAJA, AY","","","4",",S","0",",S","0",",S","","","","","","","","","","","","","20180708",",,S","","","","","2.0",",,S,08,","","","","","","","3.6",",,,S","","","","","",""
"AYM00089512","2018-08","-70.767","11.833","119.0","NOVOLAZAREVSKAJA, AY","","","1","1,S","0","1,S","0","1,S","","","","","","","","","","","","","20180808",",1,S","","","","","0.5","1,,S,08,","","","","","","","0.5","1,,,S","","","","","",""
"AYM00089512","2018-09","-70.767","11.833","119.0","NOVOLAZAREVSKAJA, AY","","","6","4,S","1","4,S","0","4,S","","","","","","","","","","","","","20180907",",4,S","","","","","6.6","4,,S,07,","","","","","","","8.7","4,,,S","","","","","",""
"AYM00089512","2018-10","-70.767","11.833","119.0","NOVOLAZAREVSKAJA, AY","0.0","5,S","6","1,S","3","1,S","0","1,S","15","2,S","29","2,S","27","4,S","0","4,S","0","4,S","20181005",",2,S","20181018",",1,S","20181019",",4,S","-26.2","2,S,05,","10.9","1,,S,18,","-3.4","4,S,19,","","","861.8","4,S","23.5","1,,,S","-14.75","5,S","-12.09","4,,,S","-17.42","2,,,S"
"AYM00089512","2018-11","-70.767","11.833","119.0","NOVOLAZAREVSKAJA, AY","0.0","1,S","0",",S","0",",S","0",",S","0","1,S","29","1,S","24",",S","0",",S","0",",S","20181102",",1,S","20181130","+,,S","20181127",",,S","-14.9","1,S,02,","0.0",",,S,30,+","2.4",",S,27,","","","696.2",",S","0.0",",,,S","-5.69","1,S","-2.93",",,,S","-8.44","1,,,S"
"AYM00089512","2018-12","-70.767","11.833","119.0","NOVOLAZAREVSKAJA, AY","0.0","2,S","1","1,S","0","1,S","0","1,S","0","2,S","26","2,S","4","1,S","0","1,S","0","1,S","20181208",",2,S","20181215",",1,S","20181218",",1,S","-7.2","2,S,08,","0.3","1,,S,15,","5.6","1,S,18,","","","537.3","1,S","0.3","1,,,S","-0.23","2,S","2.22","1,,,S","-2.68","2,,,S"
"AYM00089512","2019-01","-70.767","11.833","119.0","NOVOLAZAREVSKAJA, AY","0.0",",S","3",",S","1",",S","0",",S","0",",S","29",",S","4",",S","0",",S","0",",S","20190125",",,S","20190113",",,S","20190120",",,S","-6.6",",S,25,","2.5",",,S,13,","5.3",",S,20,","578.8","S","578.8",",S","3.1",",,,S","-0.34",",S","1.72",",,,S","-2.39",",,,S"
"AYM00089512","2019-02","-70.767","11.833","119.0","NOVOLAZAREVSKAJA, AY","0.0","2,S","2",",S","0",",S","0",",S","0","2,S","25","2,S","12",",S","0",",S","0",",S","20190205",",2,S","20190222",",,S","20190219",",,S","-9.9","2,S,05,","0.5",",,S,22,","6.0",",S,19,","1103.7","S","524.9",",S","0.8",",,,S","-1.81","2,S","0.64",",,,S","-4.27","2,,,S"
"AYM00089512","2019-03","-70.767","11.833","119.0","NOVOLAZAREVSKAJA, AY","0.0","5,S","2","2,S","0","2,S","0","2,S","0","4,S","27","4,S","26","4,S","0","4,S","0","4,S","20190317",",4,S","20190322",",2,S","20190307",",4,S","-16.4","4,S,17,","0.8","2,,S,22,","1.3","4,S,07,","1774.3","S","670.6","4,S","1.1","2,,,S","-7.47","5,S","-5.07","4,,,S","-9.86","4,,,S"
"AYM00089512","2019-04","-70.767","11.833","119.0","NOVOLAZAREVSKAJA, AY","","","2","3,S","0","3,S","0","3,S","","","","","","","","","","","","","20190426","+,3,S","","","","","0.3","3,,S,26,+","","","","","","","0.6","3,,,S","","","","","",""
"AYM00089512","2019-05","-70.767","11.833","119.0","NOVOLAZAREVSKAJA, AY","","","2","3,S","2","3,S","0","3,S","","","","","","","","","","","","","20190528",",3,S","","","","","9.9","3,,S,28,","","","","","","","15.2","3,,,S","","","","","",""
"AYM00089512","2019-06","-70.767","11.833","119.0","NOVOLAZAREVSKAJA, AY","","","5",",S","1",",S","0",",S","","","","","","","","","","","","","20190630",",,S","","","","","4.1",",,S,30,","","","","","","","5.3",",,,S","","","","","",""
"AYM00089512","2019-07","-70.767","11.833","119.0","NOVOLAZAREVSKAJA, AY","","","6",",S","3",",S","0",",S","","","","","","","","","","","","","20190703",",,S","","","","","10.9",",,S,03,","","","","","","","27.2",",,,S","","","","","",""
"AYM00089512","2019-08","-70.767","11.833","119.0","NOVOLAZAREVSKAJA, AY","","","5",",S","1",",S","0",",S","","","","","","","","","","","","","20190819",",,S","","","","","8.9",",,S,19,","","","","","","","10.5",",,,S","","","","","",""
"AYM00089512","2019-09","-70.767","11.833","119.0","NOVOLAZAREVSKAJA, AY","","","7","4,S","0","4,S","0","4,S","","","","","","","","","","","","","20190914",",4,S","","","","","2.3","4,,S,14,","","","","","","","8.2","4,,,S","","","","","",""
"AYM00089512","2019-10","-70.767","11.833","119.0","NOVOLAZAREVSKAJA, AY","","","11","2,S","2","2,S","0","2,S","","","","","25","5,S","0","5,S","0","5,S","","","20191003",",2,S","20191031",",5,S","","","5.1","2,,S,03,","0.4","5,S,31,","","","","","17.3","2,,,S","","","-5.87","5,,,S","",""
"AYM00089512","2019-11","-70.767","11.833","119.0","NOVOLAZAREVSKAJA, AY","0.0","2,S","0","1,S","0","1,S","0","1,S","0","1,S","29","1,S","24","2,S","0","2,S","0","2,S","20191112",",1,S","20191130","+,1,S","20191114",",2,S","-10.5","1,S,12,","0.0","1,,S,30,+","1.6","2,S,14,","","","643.5","2,S","0.0","1,,,S","-4.64","2,S","-2.29","2,,,S","-6.99","1,,,S"
"AYM00089512","2019-12","-70.767","11.833","119.0","NOVOLAZAREVSKAJA, AY","0.0",",S","1","1,S","0","1,S","0","1,S","0",",S","25",",S","2",",S","0",",S","0",",S","20191202","+,,S","20191218",",1,S","20191214",",,S","-7.1",",S,02,+","0.3","1,,S,18,","5.7",",S,14,","","","549.6",",S","0.3","1,,,S","0.60",",S","2.94",",,,S","-1.73",",,,S"
"AYM00089512","2020-01","-70.767","11.833","119.0","NOVOLAZAREVSKAJA, AY","0.0","2,S","4","2,S","0","2,S","0","2,S","0","2,S","27","2,S","1","2,S","0","2,S","0","2,S","20200131",",2,S","20200107",",2,S","20200117",",2,S","-8.4","2,S,31,","2.0","2,,S,07,","5.8","2,S,17,","530.5","S","530.5","2,S","3.4","2,,,S","0.04","2,S","2.30","2,,,S","-2.22","2,,,S"
"AYM00089512","2020-02","-70.767","11.833","119.0","NOVOLAZAREVSKAJA, AY","0.0","2,S","2","3,S","0","3,S","0","3,S","0","2,S","27","2,S","21","2,S","0","2,S","0","2,S","20200220",",2,S","20200224",",3,S","20200201",",2,S","-8.8","2,S,20,","1.0","3,,S,24,","3.4","2,S,01,","1116.6","S","586.1","2,S","1.5","3,,,S","-3.37","2,S","-1.26","2,,,S","-5.49","2,,,S"
"AYM00089512","2020-03","-70.767","11.833","119.0","NOVOLAZAREVSKAJA, AY","","","6","2,S","0","2,S","0","2,S","","","","","27","4,S","0","4,S","0","4,S","","","20200327",",2,S","20200328",",4,S","","","0.8","2,,S,27,","-1.9","4,S,28,","","","","","3.1","2,,,S","","","-4.69","4,,,S","",""
"AYM00089512","2020-04","-70.767","11.833","119.0","NOVOLAZAREVSKAJA, AY","","","0","4,S","0","4,S","0","4,S","","","","","","","","","","","","","20200430","+,4,S","","","","","0.0","4,,S,30,+","","","","","","","0.0","4,,,S","","","","","",""
"AYM00089512","2020-05","-70.767","11.833","119.0","NOVOLAZAREVSKAJA, AY","","","1","4,S","0","4,S","0","4,S","","","","","","","","","","","","","20200521",",4,S","","","","","0.5","4,,S,21,","","","","","","","0.5","4,,,S","","","","","",""
"AYM00089512","2020-06","-70.767","11.833","119.0","NOVOLAZAREVSKAJA, AY","","","10","1,S","2","1,S","0","1,S","","","","","","","","","","","","","20200617",",1,S","","","","","5.1","1,,S,17,","","","","","","","14.8","1,,,S","","","","","",""
"AYM00089512","2020-07","-70.767","11.833","119.0","NOVOLAZAREVSKAJA, AY","","","7","1,S","4","1,S","0","1,S","","","","","","","","","","","","","20200724",",1,S","","","","","6.1","1,,S,24,","","","","","","","18.5","1,,,S","","","","","",""
"AYM00089512","2020-08","-70.767","11.833","119.0","NOVOLAZAREVSKAJA, AY","","","4",",S","1",",S","0",",S","","","","","","","","","","","","","20200823",",,S","","","","","4.1",",,S,23,","","","","","","","5.7",",,,S","","","","","",""
"AYM00089512","2020-09","-70.767","11.833","119.0","NOVOLAZAREVSKAJA, AY","","","1",",S","1",",S","0",",S","17","5,S","25","5,S","26","4,S","0","4,S","0","4,S","20200911",",5,S","20200905",",,S","20200919",",4,S","-28.8","5,S,11,","5.1",",,S,05,","-5.1","4,S,19,","","","","","5.1",",,,S","-16.25","6,S","-12.44","4,,,S","-20.06","5,,,S"
"AYM00089512","2020-10","-70.767","11.833","119.0","NOVOLAZAREVSKAJA, AY","0.0","4,S","4",",S","0",",S","0",",S","9","4,S","27","4,S","31",",S","0",",S","0",",S","20201009",",4,S","20201023",",,S","20201028",",,S","-24.0","4,S,09,","0.5",",,S,23,","-0.2",",S,28,","","","838.3",",S","1.4",",,,S","-12.58","4,S","-9.79",",,,S","-15.36","4,,,S"
"AYM00089512","2020-11","-70.767","11.833","119.0","NOVOLAZAREVSKAJA, AY","0.0","3,S","4","2,S","3","2,S","0","2,S","0","3,S","27","3,S","21","1,S","0","1,S","0","1,S","20201102",",3,S","20201113",",2,S","20201117",",1,S","-15.7","3,S,02,","7.9","2,,S,13,","3.0","1,S,17,","","","631.2","1,S","15.5","2,,,S","-5.21","3,S","-2.74","1,,,S","-7.67","3,,,S"
"AYM00089512","2020-12","-70.767","11.833","119.0","NOVOLAZAREVSKAJA, AY","0.0","1,S","2",",S","1",",S","0",",S","0","1,S","30","1,S","10","1,S","0","1,S","0","1,S","20201206",",1,S","20201207",",,S","20201221","+,1,S","-7.5","1,S,06,","4.1",",,S,07,","4.1","1,S,21,+","","","594.5","1,S","4.6",",,,S","-1.49","1,S","0.92","1,,,S","-3.89","1,,,S"
"AYM00089512","2021-01","-70.767","11.833","119.0","NOVOLAZAREVSKAJA, AY","0.0",",S","4",",S","0",",S","0",",S","0",",S","28",",S","7",",S","0",",S","0",",S","20210113",",,S","20210126",",,S","20210127",",,S","-9.2",",S,13,","1.0",",,S,26,","5.5",",S,27,","598.3","S","598.3",",S","2.3",",,,S","-0.97",",S","1.36",",,,S","-3.30",",,,S"
"AYM00089512","2021-03","-70.767","11.833","119.0","NOVOLAZAREVSKAJA, AY","","","7","1,S","2","1,S","0","1,S","0","5,S","26","5,S","23","4,S","0","4,S","0","4,S","20210331",",5,S","20210314",",1,S","20210308",",4,S","-15.1","5,S,31,","7.1","1,,S,14,","2.9","4,S,08,","","","","","14.3","1,,,S","-5.86","7,S","-3.80","4,,,S","-7.92","5,,,S"
"AYM00089512","2021-04","-70.767","11.833","119.0","NOVOLAZAREVSKAJA, AY","","","8",",S","2",",S","0",",S","","","","","","","","","","","","","20210425","+,,S","","","","","3.0",",,S,25,+","","","","","","","10.7",",,,S","","","","","",""
"AYM00089512","2021-05","-70.767","11.833","119.0","NOVOLAZAREVSKAJA, AY","","","2","3,S","0","3,S","0","3,S","","","","","","","","","","","","","20210511",",3,S","","","","","1.5","3,,S,11,","","","","","","","2.3","3,,,S","","","","","",""
"AYM00089512","2021-06","-70.767","11.833","119.0","NOVOLAZAREVSKAJA, AY","","","8","3,S","0","3,S","0","3,S","","","","","","","","","","","","","20210625",",3,S","","","","","2.0","3,,S,25,","","","","","","","7.0","3,,,S","","","","","",""
"AYM00089512","2021-07","-70.767","11.833","119.0","NOVOLAZAREVSKAJA, AY","","","3","2,S","2","2,S","0","2,S","","","","","","","","","","","","","20210717",",2,S","","","","","3.0","2,,S,17,","","","","","","","6.6","2,,,S","","","","","",""
"AYM00089512","2021-08","-70.767","11.833","119.0","NOVOLAZAREVSKAJA, AY","","","7",",S","1",",S","0",",S","","","","","","","","","","","","","20210813",",,S","","","","","9.9",",,S,13,","","","","","","","15.1",",,,S","","","","","",""
"AYM00089512","2021-09","-70.767","11.833","119.0","NOVOLAZAREVSKAJA, AY","","","8","1,S","2","1,S","0","1,S","","","","","26","4,S","0","4,S","0","4,S","","","20210905",",1,S","20210905",",4,S","","","7.9","1,,S,05,","-6.8","4,S,05,","","","","","21.9","1,,,S","","","-13.24","4,,,S","",""
"AYM00089512","2021-10","-70.767","11.833","119.0","NOVOLAZAREVSKAJA, AY","0.0","3,S","3","1,S","2","1,S","0","1,S","12","3,S","28","3,S","30","1,S","0","1,S","0","1,S","20211008",",3,S","20211027",",1,S","20211029",",1,S","-24.8","3,S,08,","15.0","1,,S,27,","-2.9","1,S,29,","","","889.0","1,S","22.9","1,,,S","-13.44","3,S","-9.92","1,,,S","-16.95","3,,,S"
"AYM00089512","2021-11","-70.767","11.833","119.0","NOVOLAZAREVSKAJA, AY","0.0","2,S","4",",S","2",",S","0",",S","0","1,S","29","1,S","23","2,S","0","2,S","0","2,S","20211102",",1,S","20211124",",,S","20211119",",2,S","-15.2","1,S,02,","17.0",",,S,24,","2.1","2,S,19,","","","679.5","2,S","29.0",",,,S","-5.83","2,S","-2.66","2,,,S","-9.00","1,,,S"
"AYM00089512","2021-12","-70.767","11.833","119.0","NOVOLAZAREVSKAJA, AY","0.0",",S","9","1,S","5","1,S","0","1,S","0",",S","31",",S","8",",S","0",",S","0",",S","20211225","+,,S","20211219",",1,S","20211218",",,S","-7.0",",S,25,+","7.9","1,,S,19,","3.0",",S,18,","","","630.6",",S","28.5","1,,,S","-2.01",",S","0.55",",,,S","-4.57",",,,S"
"AYM00089512","2022-01","-70.767","11.833","119.0","NOVOLAZAREVSKAJA, AY","0.0","2,S","14",",S","5",",S","0",",S","0","2,S","29","2,S","12",",S","0",",S","0",",S","20220130",",2,S","20220101",",,S","20220124",",,S","-8.1","2,S,30,","23.4",",,S,01,","5.4",",S,24,","576.0","S","576.0",",S","59.2",",,,S","-1.61","2,S","0.66",",,,S","-3.88","2,,,S"
"AYM00089512","2022-02","-70.767","11.833","119.0","NOVOLAZAREVSKAJA, AY","0.0","3,S","4",",S","3",",S","0",",S","0","1,S","27","1,S","22","2,S","0","2,S","0","2,S","20220228",",1,S","20220215",",,S","20220202",",2,S","-17.6","1,S,28,","12.7",",,S,15,","4.4","2,S,02,","1155.4","S","579.4","2,S","26.9",",,,S","-4.74","3,S","-2.27","2,,,S","-7.21","1,,,S"
"AYM00089512","2022-03","-70.767","11.833","119.0","NOVOLAZAREVSKAJA, AY","","","4",",S","0",",S","0",",S","","","","","26","2,S","0","2,S","0","2,S","","","20220308",",,S","20220311",",2,S","","","2.0",",,S,08,","1.4","2,S,11,","","","","","4.8",",,,S","","","-5.02","2,,,S","",""
"AYM00089512","2022-04","-70.767","11.833","119.0","NOVOLAZAREVSKAJA, AY","","","3","2,S","1","2,S","0","2,S","","","","","","","","","","","","","20220410",",2,S","","","","","10.9","2,,S,10,","","","","","","","11.7","2,,,S","","","","","",""
"AYM00089512","2022-05","-70.767","11.833","119.0","NOVOLAZAREVSKAJA, AY","","","2",",S","0",",S","0",",S","","","","","","","","","","","","","20220521",",,S","","","","","0.5",",,S,21,","","","","","","","0.8",",,,S","","","","","",""
"AYM00089512","2022-06","-70.767","11.833","119.0","NOVOLAZAREVSKAJA, AY","","","5",",S","0",",S","0",",S","","","","","","","","","","","","","20220623",",,S","","","","","1.0",",,S,23,","","","","","","","2.7",",,,S","","","","","",""
"AYM00089512","2022-07","-70.767","11.833","119.0","NOVOLAZAREVSKAJA, AY","","","9",",S","3",",S","0",",S","","","","","","","","","","","","","20220704",",,S","","","","","10.9",",,S,04,","","","","","","","25.5",",,,S","","","","","",""
"AYM00089512","2022-08","-70.767","11.833","119.0","NOVOLAZAREVSKAJA, AY","","","4","1,S","3","1,S","0","1,S","","","","","","","","","","","","","20220817",",1,S","","","","","8.4","1,,S,17,","","","","","","","17.5","1,,,S","","","","","",""
"AYM00089512","2022-09","-70.767","11.833","119.0","NOVOLAZAREVSKAJA, AY","","","1",",S","0",",S","0",",S","","","","","29","1,S","0","1,S","0","1,S","","","20220906",",,S","20220909",",1,S","","","0.5",",,S,06,","-6.0","1,S,09,","","","","","0.5",",,,S","","","-15.33","1,,,S","",""
"AYM00089512","2022-10","-70.767","11.833","119.0","NOVOLAZAREVSKAJA, AY","","","2","4,S","1","4,S","0","4,S","","","","","26","5,S","0","5,S","0","5,S","","","20221020",",4,S","20221027",",5,S","","","4.3","4,,S,20,","-1.4","5,S,27,","","","","","6.6","4,,,S","","","-7.16","5,,,S","",""
"AYM00089512","2022-11","-70.767","11.833","119.0","NOVOLAZAREVSKAJA, AY","0.0","2,S","4","1,S","0","1,S","0","1,S","0","2,S","28","2,S","25","2,S","0","2,S","0","2,S","20221105",",2,S","20221109",",1,S","20221116",",2,S","-13.4","2,S,05,","1.5","1,,S,09,","1.3","2,S,16,","","","655.9","2,S","3.5","1,,,S","-5.09","2,S","-2.64","2,,,S","-7.55","2,,,S"
"AYM00089512","2022-12","-70.767","11.833","119.0","NOVOLAZAREVSKAJA, AY","0.0","2,S","3","1,S","0","1,S","0","1,S","0","1,S","29","1,S","10","2,S","0","2,S","0","2,S","20221226",",1,S","20221207","+,1,S","20221217",",2,S","-6.4","1,S,26,","0.3","1,,S,07,+","4.3","2,S,17,","","","580.9","2,S","0.9","1,,,S","-1.74","2,S","0.56","2,,,S","-4.04","1,,,S"
"AYM00089512","2023-01","-70.767","11.833","119.0","NOVOLAZAREVSKAJA, AY","0.0","5,S","6","1,S","0","1,S","0","1,S","0","4,S","26","4,S","5","2,S","0","2,S","0","2,S","20230110",",4,S","20230120",",1,S","20230125",",2,S","-5.9","4,S,10,","0.5","1,,S,20,","6.2","2,S,25,","495.1","S","495.1","2,S","2.0","1,,,S","-0.56","5,S","1.71","2,,,S","-2.83","4,,,S"
"AYM00089512","2023-02","-70.767","11.833","119.0","NOVOLAZAREVSKAJA, AY","0.0","3,S","0","2,S","0","2,S","0","2,S","0","3,S","25","3,S","21","2,S","0","2,S","0","2,S","20230223",",3,S","20230228","+,2,S","20230211",",2,S","-12.3","3,S,23,","0.0","2,,S,28,+","1.8","2,S,11,","1042.6","S","547.5","2,S","0.0","2,,,S","-3.61","3,S","-1.24","2,,,S","-5.99","3,,,S"
"AYM00089512","2023-03","-70.767","11.833","119.0","NOVOLAZAREVSKAJA, AY","","","8","3,S","2","3,S","0","3,S","","","","","","","","","","","","","20230323",",3,S","","","","","6.1","3,,S,23,","","","","","","","15.0","3,,,S","","","","","",""
"AYM00089512","2023-04","-70.767","11.833","119.0","NOVOLAZAREVSKAJA, AY","","","8","1,S","2","1,S","0","1,S","","","","","","","","","","","","","20230405",",1,S","","","","","7.9","1,,S,05,","","","","","","","20.6","1,,,S","","","","","",""
"AYM00089512","2023-05","-70.767","11.833","119.0","NOVOLAZAREVSKAJA, AY","","","15","2,S","6","2,S","1","2,S","","","","","","","","","","","","","20230525",",2,S","","","","","32.5","2,,S,25,","","","","","","","83.7","2,,,S","","","","","",""
"AYM00089512","2023-06","-70.767","11.833","119.0","NOVOLAZAREVSKAJA, AY","","","4","2,S","1","2,S","0","2,S","","","","","","","","","","","","","20230608",",2,S","","","","","23.9","2,,S,08,","","","","","","","27.0","2,,,S","","","","","",""
"AYM00089512","2023-07","-70.767","11.833","119.0","NOVOLAZAREVSKAJA, AY","","","5","3,S","1","3,S","0","3,S","","","","","","","","","","","","","20230704",",3,S","","","","","6.4","3,,S,04,","","","","","","","10.3","3,,,S","","","","","",""
"AYM00089512","2023-08","-70.767","11.833","119.0","NOVOLAZAREVSKAJA, AY","","","6","4,S","1","4,S","0","4,S","","","","","","","","","","","","","20230803",",4,S","","","","","4.3","4,,S,03,","","","","","","","9.4","4,,,S","","","","","",""
"AYM00089512","2023-09","-70.767","11.833","119.0","NOVOLAZAREVSKAJA, AY","","","2","4,S","1","4,S","0","4,S","","","","","","","","","","","","","20230921",",4,S","","","","","7.9","4,,S,21,","","","","","","","8.7","4,,,S","","","","","",""
"AYM00089512","2023-10","-70.767","11.833","119.0","NOVOLAZAREVSKAJA, AY","","","8","2,S","3","2,S","0","2,S","","","","","28","3,S","0","3,S","0","3,S","","","20231016",",2,S","20231031",",3,S","","","19.1","2,,S,16,","-3.4","3,S,31,","","","","","35.2","2,,,S","","","-9.41","3,,,S","",""
"AYM00089512","2023-11","-70.767","11.833","119.0","NOVOLAZAREVSKAJA, AY","0.0","4,S","2","4,S","0","4,S","0","4,S","0","4,S","26","4,S","18","4,S","0","4,S","0","4,S","20231107","+,4,S","20231129",",4,S","20231117",",4,S","-17.3","4,S,07,+","0.8","4,,S,29,","6.9","4,S,17,","","","621.5","4,S","1.1","4,,,S","-5.57","4,S","-1.65","4,,,S","-9.49","4,,,S"
"AYM00089512","2023-12","-70.767","11.833","119.0","NOVOLAZAREVSKAJA, AY","0.0","3,S","4","2,S","0","2,S","0","2,S","0","3,S","27","3,S","9","2,S","0","2,S","0","2,S","20231205",",3,S","20231208",",2,S","20231217",",2,S","-8.0","3,S,05,","1.3","2,,S,08,","9.2","2,S,17,","","","529.8","2,S","3.4","2,,,S","-0.64","3,S","1.74","2,,,S","-3.02","3,,,S"
